{"cameraMode":{"drawMode":0,"name":"Shaded","section":"Shading Mode"},"sceneLighting":true,"audioPlay":false,"sceneViewState":{"m_AlwaysRefresh":false,"showFog":true,"showSkybox":true,"showFlares":true,"showImageEffects":true,"showParticleSystems":true,"showVisualEffectGraphs":true,"m_FxEnabled":true},"in2DMode":false,"pivot":{"x":5.909796237945557,"y":2.8358922004699709,"z":0.04103684425354004},"rotation":{"x":0.008143212646245957,"y":-0.980664074420929,"z":0.1909511387348175,"w":0.04180866852402687},"size":0.8660253882408142,"orthographic":false}